"Symbol","Name","LastSale","MarketCap","IPOyear","Sector","industry","Summary Quote",
"XXII","22nd Century Group, Inc","0.7479","$103.85M","n/a","Consumer Non-Durables","Farming/Seeds/Milling","https://old.nasdaq.com/symbol/xxii",
"FAX","Aberdeen Asia-Pacific Income Fund Inc","3.72","$921.43M","1986","n/a","n/a","https://old.nasdaq.com/symbol/fax",
"IAF","Aberdeen Australia Equity Fund Inc","4.4327","$100.81M","n/a","n/a","n/a","https://old.nasdaq.com/symbol/iaf",
"AEF","Aberdeen Emerging Markets Equity Income Fund, Inc.","6.11","$310.09M","n/a","n/a","n/a","https://old.nasdaq.com/symbol/aef",
"FCO","Aberdeen Global Income Fund, Inc.","6.13","$53.48M","1992","n/a","n/a","https://old.nasdaq.com/symbol/fco",
"ACU","Acme United Corporation.","20.26","$67.62M","1988","Capital Goods","Industrial Machinery/Components","https://old.nasdaq.com/symbol/acu",
"ATNM","Actinium Pharmaceuticals, Inc.","0.398","$157.27M","n/a","Health Care","Major Pharmaceuticals","https://old.nasdaq.com/symbol/atnm",
"AE","Adams Resources & Energy, Inc.","28","$118.6M","n/a","Energy","Oil Refining/Marketing","https://old.nasdaq.com/symbol/ae",
"ACY","AeroCentury Corp.","2.63","$4.07M","n/a","Technology","Diversified Commercial Services","https://old.nasdaq.com/symbol/acy",
"UAVS","AgEagle Aerial Systems, Inc.","1.26","$54.96M","n/a","Capital Goods","Aerospace","https://old.nasdaq.com/symbol/uavs",
"AGE","AgeX Therapeutics, Inc.","0.9418","$35.46M","2018","Health Care","Major Pharmaceuticals","https://old.nasdaq.com/symbol/age",
"AIRI","Air Industries Group","1.09","$33.33M","n/a","Capital Goods","Military/Government/Technical","https://old.nasdaq.com/symbol/airi",
"AXU","Alexco Resource Corp","2.12","$264.35M","n/a","Basic Industries","Precious Metals","https://old.nasdaq.com/symbol/axu",
"ALO","Alio Gold Inc.","1.14","$98.03M","2011","Basic Industries","Precious Metals","https://old.nasdaq.com/symbol/alo",
"AAU","Almaden Minerals, Ltd.","0.4926","$57.75M","2015","Basic Industries","Precious Metals","https://old.nasdaq.com/symbol/aau",
"APT","Alpha Pro Tech, Ltd.","18.64","$253.09M","n/a","Health Care","Industrial Specialties","https://old.nasdaq.com/symbol/apt",
"AAMC","Altisource Asset Management Corp","17.35","$28.22M","n/a","Finance","Real Estate","https://old.nasdaq.com/symbol/aamc",
"AMBO","Ambow Education Holding Ltd.","1.78","$38.36M","n/a","Consumer Services","Other Consumer Services","https://old.nasdaq.com/symbol/ambo",
"DIT","AMCON Distributing Company","57.55","$32.55M","n/a","Consumer Non-Durables","Food Distributors","https://old.nasdaq.com/symbol/dit",
"AMS","American Shared Hospital Services","1.99","$11.32M","n/a","Health Care","Medical Specialities","https://old.nasdaq.com/symbol/ams",
"USAS","Americas Gold and Silver Corporation","2.47","$261.81M","2017","Basic Industries","Precious Metals","https://old.nasdaq.com/symbol/usas",
"AMPE","Ampio Pharmaceuticals, Inc.","0.5748","$94.76M","n/a","Health Care","Major Pharmaceuticals","https://old.nasdaq.com/symbol/ampe",
"ANVS","Annovis Bio, Inc.","4.89","$33.54M","2020","Health Care","Major Pharmaceuticals","https://old.nasdaq.com/symbol/anvs",
"ARMP","Armata Pharmaceuticals, Inc.","3.82","$71.22M","n/a","Health Care","Biotechnology: Biological Products (No Diagnostic Substances)","https://old.nasdaq.com/symbol/armp",
"AINC","Ashford Inc.","10.29","$25.61M","2014","Consumer Services","Professional Services","https://old.nasdaq.com/symbol/ainc",
"AUG","Auryn Resources Inc.","1.64","$171.68M","n/a","Basic Industries","Precious Metals","https://old.nasdaq.com/symbol/aug",
"AWX","Avalon Holdings Corporation","1.82","$7.05M","n/a","Public Utilities","Environmental Services","https://old.nasdaq.com/symbol/awx",
"ASM","Avino Silver","0.666","$51.46M","n/a","Basic Industries","Precious Metals","https://old.nasdaq.com/symbol/asm",
"BTG","B2Gold Corp","5.23","$5.44B","n/a","Basic Industries","Precious Metals","https://old.nasdaq.com/symbol/btg",
"BTN","Ballantyne Strong, Inc","1.74","$25.49M","n/a","Miscellaneous","Industrial Machinery/Components","https://old.nasdaq.com/symbol/btn",
"BCV","Bancroft Fund Limited","23.9","$156.62M","n/a","n/a","n/a","https://old.nasdaq.com/symbol/bcv",
"BCV^A","Bancroft Fund Limited","25.48","n/a","n/a","n/a","n/a","https://old.nasdaq.com/symbol/bcv^a",
"BHB","Bar Harbor Bankshares, Inc.","23.9","$371.25M","n/a","Finance","Major Banks","https://old.nasdaq.com/symbol/bhb",
"BRN","Barnwell Industries, Inc.","1.23","$10.18M","n/a","Energy","Oil & Gas Production","https://old.nasdaq.com/symbol/brn",
"BATL","Battalion Oil Corporation","9.98","$161.72M","n/a","Energy","Oil & Gas Production","https://old.nasdaq.com/symbol/batl",
"BIOX","Bioceres Crop Solutions Corp.","6.99","$252.48M","2018","Basic Industries","Agricultural Chemicals","https://old.nasdaq.com/symbol/biox",
"BIOX.WS","Bioceres Crop Solutions Corp.","n/a","n/a","n/a","n/a","n/a","https://old.nasdaq.com/symbol/biox.ws",
"PHGE","BiomX Inc.","5.67","$129.99M","2019","Health Care","Biotechnology: Biological Products (No Diagnostic Substances)","https://old.nasdaq.com/symbol/phge",
"PHGE.U","BiomX Inc.","n/a","n/a","2018","n/a","n/a","https://old.nasdaq.com/symbol/phge.u",
"PHGE.WS","BiomX Inc.","n/a","n/a","n/a","n/a","n/a","https://old.nasdaq.com/symbol/phge.ws",
"BGI","Birks Group Inc.","0.7797","$14.01M","n/a","Consumer Services","Consumer Specialties","https://old.nasdaq.com/symbol/bgi",
"BKTI","BK Technologies Corporation","3.32","$41.48M","n/a","Technology","Radio And Television Broadcasting And Communications Equipment","https://old.nasdaq.com/symbol/bkti",
"BDR","Blonder Tongue Laboratories, Inc.","0.716","$6.9M","n/a","Technology","Radio And Television Broadcasting And Communications Equipment","https://old.nasdaq.com/symbol/bdr",
"BRBS","Blue Ridge Bankshares, Inc.","15.16","$85.8M","n/a","Finance","Major Banks","https://old.nasdaq.com/symbol/brbs",
"BRG","Bluerock Residential Growth REIT, Inc.","7.73","$187.71M","2014","Consumer Services","Real Estate Investment Trusts","https://old.nasdaq.com/symbol/brg",
"BRG^A","Bluerock Residential Growth REIT, Inc.","23.75","n/a","n/a","n/a","n/a","https://old.nasdaq.com/symbol/brg^a",
"BRG^C","Bluerock Residential Growth REIT, Inc.","23.5","n/a","n/a","n/a","n/a","https://old.nasdaq.com/symbol/brg^c",
"BRG^D","Bluerock Residential Growth REIT, Inc.","22.65","n/a","n/a","n/a","n/a","https://old.nasdaq.com/symbol/brg^d",
"DMF","BNY Mellon Municipal Income Inc.","8.4","$174.29M","1988","n/a","n/a","https://old.nasdaq.com/symbol/dmf",
"BWL.A","Bowl America, Inc.","n/a","n/a","n/a","n/a","n/a","https://old.nasdaq.com/symbol/bwl.a",
"BRMK.WS","Broadmark Realty Capital Inc.","n/a","n/a","n/a","n/a","n/a","https://old.nasdaq.com/symbol/brmk.ws",
"CMCL","Caledonia Mining Corporation Plc","14.99","$172.7M","n/a","Basic Industries","Precious Metals","https://old.nasdaq.com/symbol/cmcl",
"CEI","Camber Energy, Inc.","1.36","$14.05M","n/a","Energy","Oil & Gas Production","https://old.nasdaq.com/symbol/cei",
"CANF","Can-Fite Biopharma Ltd","1.78","$24.4M","n/a","Health Care","Major Pharmaceuticals","https://old.nasdaq.com/symbol/canf",
"YCBD","cbdMD, Inc.","1.64","$84.19M","2017","Consumer Non-Durables","Package Goods/Cosmetics","https://old.nasdaq.com/symbol/ycbd",
"YCBD^A","cbdMD, Inc.","8.2817","n/a","n/a","n/a","n/a","https://old.nasdaq.com/symbol/ycbd^a",
"CVM","Cel-Sci Corporation","15.89","$598M","n/a","Health Care","Biotechnology: Biological Products (No Diagnostic Substances)","https://old.nasdaq.com/symbol/cvm",
"CET","Central Securities Corporation","28.7","$743.02M","n/a","n/a","n/a","https://old.nasdaq.com/symbol/cet",
"LEU","Centrus Energy Corp.","10.2","$96.92M","2014","Basic Industries","Mining & Quarrying of Nonmetallic Minerals (No Fuels)","https://old.nasdaq.com/symbol/leu",
"CHAQ","Chardan Healthcare Acquisition 2 Corp.","9.925","n/a","2020","Finance","Business Services","https://old.nasdaq.com/symbol/chaq",
"CHAQ.U","Chardan Healthcare Acquisition 2 Corp.","n/a","n/a","2020","n/a","n/a","https://old.nasdaq.com/symbol/chaq.u",
"CHAQ.WS","Chardan Healthcare Acquisition 2 Corp.","n/a","n/a","n/a","n/a","n/a","https://old.nasdaq.com/symbol/chaq.ws",
"CCF","Chase Corporation","100.56","$950.15M","n/a","Consumer Durables","Building Products","https://old.nasdaq.com/symbol/ccf",
"CQP","Cheniere Energy Partners, LP","36.55","$17.69B","2007","Public Utilities","Oil/Gas Transmission","https://old.nasdaq.com/symbol/cqp",
"LNG","Cheniere Energy, Inc.","47.47","$11.97B","n/a","Public Utilities","Oil/Gas Transmission","https://old.nasdaq.com/symbol/lng",
"CVR","Chicago Rivet & Machine Co.","20.8","$20.1M","n/a","Technology","Industrial Machinery/Components","https://old.nasdaq.com/symbol/cvr",
"CPHI","China Pharma Holdings, Inc.","0.706","$30.77M","n/a","Health Care","Major Pharmaceuticals","https://old.nasdaq.com/symbol/cphi",
"CKX","CKX Lands, Inc.","8.1405","$15.81M","n/a","Energy","Oil & Gas Production","https://old.nasdaq.com/symbol/ckx",
"GLV","Clough Global Dividend and Income Fund","8.55","$71.89M","2004","n/a","n/a","https://old.nasdaq.com/symbol/glv",
"GLQ","Clough Global Equity Fund","10.58","$139.98M","2005","n/a","n/a","https://old.nasdaq.com/symbol/glq",
"GLO","Clough Global Opportunities Fund","8.7","$280.35M","2006","n/a","n/a","https://old.nasdaq.com/symbol/glo",
"COHN","Cohen & Company Inc.","10.51","$13.1M","n/a","Finance","Investment Bankers/Brokers/Service","https://old.nasdaq.com/symbol/cohn",
"CIX","CompX International Inc.","14.18","$176.44M","1998","Capital Goods","Industrial Machinery/Components","https://old.nasdaq.com/symbol/cix",
"LODE","Comstock Mining, Inc.","1.05","$29.6M","n/a","Basic Industries","Precious Metals","https://old.nasdaq.com/symbol/lode",
"CDOR","Condor Hospitality Trust, Inc.","4.07","$48.86M","n/a","Consumer Services","Real Estate Investment Trusts","https://old.nasdaq.com/symbol/cdor",
"MCF","Contango Oil & Gas Company","3.18","$418.77M","n/a","Energy","Oil & Gas Production","https://old.nasdaq.com/symbol/mcf",
"CMT","Core Molding Technologies Inc","4.4","$36.14M","n/a","Consumer Non-Durables","Plastic Products","https://old.nasdaq.com/symbol/cmt",
"CRMD","CorMedix Inc.","6.1","$159.38M","n/a","Health Care","Major Pharmaceuticals","https://old.nasdaq.com/symbol/crmd",
"CRF","Cornerstone Strategic Return Fund, Inc. (The)","9.82","$391.3M","n/a","n/a","n/a","https://old.nasdaq.com/symbol/crf",
"CLM","Cornerstone Strategic Value Fund, Inc.","10.1","$759.85M","1987","n/a","n/a","https://old.nasdaq.com/symbol/clm",
"CVU","CPI Aerostructures, Inc.","3.4","$40.32M","n/a","Capital Goods","Military/Government/Technical","https://old.nasdaq.com/symbol/cvu",
"CIK","Credit Suisse Asset Management Income Fund, Inc.","2.7","$141.22M","n/a","n/a","n/a","https://old.nasdaq.com/symbol/cik",
"DHY","Credit Suisse High Yield Bond Fund","2","$207.01M","1998","n/a","n/a","https://old.nasdaq.com/symbol/dhy",
"CRHM","CRH Medical Corporation","2.16","$154.58M","2015","Health Care","Medical/Nursing Services","https://old.nasdaq.com/symbol/crhm",
"CTO","CTO Realty Growth, Inc.","38.51","$181.51M","n/a","Finance","Real Estate","https://old.nasdaq.com/symbol/cto",
"CTEK","CynergisTek, Inc.","1.52","$15.88M","2017","Miscellaneous","Business Services","https://old.nasdaq.com/symbol/ctek",
"DXR","Daxor Corporation","13.48","$52.42M","n/a","Health Care","Medical/Dental Instruments","https://old.nasdaq.com/symbol/dxr",
"VCF","Delaware Investments Colorado Municipal Income Fund, Inc","13.59","$65.74M","1993","n/a","n/a","https://old.nasdaq.com/symbol/vcf",
"VFL","Delaware Investments Florida Insured Municipal Income Fund","12.3","$55.7M","1993","n/a","n/a","https://old.nasdaq.com/symbol/vfl",
"VMM","Delaware Investments Minnesota Municipal Income Fund II, Inc.","12.54","$144.27M","1993","n/a","n/a","https://old.nasdaq.com/symbol/vmm",
"DLA","Delta Apparel, Inc.","11.8","$81.3M","n/a","Consumer Non-Durables","Apparel","https://old.nasdaq.com/symbol/dla",
"DNN","Denison Mine Corp","0.34","$212.86M","n/a","Basic Industries","Precious Metals","https://old.nasdaq.com/symbol/dnn",
"DSS","Document Security Systems, Inc.","8.74","$25.17M","n/a","Consumer Durables","Containers/Packaging","https://old.nasdaq.com/symbol/dss",
"DPW","DPW Holdings, Inc.","2.21","$12.76M","n/a","Capital Goods","Industrial Machinery/Components","https://old.nasdaq.com/symbol/dpw",
"DXF","Dunxin Financial Holdings Limited","0.78","$16.27M","n/a","Finance","Finance: Consumer Services","https://old.nasdaq.com/symbol/dxf",
"GRF","Eagle Capital Growth Fund, Inc.","6.76","$27.54M","n/a","n/a","n/a","https://old.nasdaq.com/symbol/grf",
"EVM","Eaton Vance California Municipal Bond Fund","11.19","$279.69M","2002","n/a","n/a","https://old.nasdaq.com/symbol/evm",
"CEV","Eaton Vance California Municipal Income Trust","13.14","$93.74M","1999","n/a","n/a","https://old.nasdaq.com/symbol/cev",
"EVV","Eaton Vance Limited Duration Income Fund","11.17","$1.3B","2003","n/a","n/a","https://old.nasdaq.com/symbol/evv",
"EIM","Eaton Vance Municipal Bond Fund","12.69","$961.14M","2002","n/a","n/a","https://old.nasdaq.com/symbol/eim",
"ENX","Eaton Vance New York Municipal Bond Fund","11.66","$211.26M","2002","n/a","n/a","https://old.nasdaq.com/symbol/enx",
"EVY","Eaton Vance New York Municipal Income Trust","12.72","$68.71M","1999","n/a","n/a","https://old.nasdaq.com/symbol/evy",
"ELMD","Electromed, Inc.","15.89","$134.81M","2011","Health Care","Biotechnology: Electromedical & Electrotherapeutic Apparatus","https://old.nasdaq.com/symbol/elmd",
"ELLO","Ellomay Capital Ltd.","21.74","$265.1M","n/a","Public Utilities","Electric Utilities: Central","https://old.nasdaq.com/symbol/ello",
"ECF","Ellsworth Growth and Income Fund Ltd.","11.6","$153.18M","1986","n/a","n/a","https://old.nasdaq.com/symbol/ecf",
"ECF^A","Ellsworth Growth and Income Fund Ltd.","25.6","n/a","n/a","n/a","n/a","https://old.nasdaq.com/symbol/ecf^a",
"EMAN","eMagin Corporation","0.8","$43.06M","n/a","Technology","Semiconductors","https://old.nasdaq.com/symbol/eman",
"MSN","Emerson Radio Corporation","0.6528","$13.74M","n/a","Consumer Non-Durables","Consumer Electronics/Appliances","https://old.nasdaq.com/symbol/msn",
"EMX","EMX Royalty Corporation","2.1","$174.59M","n/a","Basic Industries","Precious Metals","https://old.nasdaq.com/symbol/emx",
"UUUU","Energy Fuels Inc","1.56","$183.34M","n/a","Basic Industries","Mining & Quarrying of Nonmetallic Minerals (No Fuels)","https://old.nasdaq.com/symbol/uuuu",
"UUUU.WS","Energy Fuels Inc","n/a","n/a","n/a","n/a","n/a","https://old.nasdaq.com/symbol/uuuu.ws",
"ENSV","ENSERVCO Corporation","0.1898","$10.56M","n/a","Energy","Oilfield Services/Equipment","https://old.nasdaq.com/symbol/ensv",
"ELA","Envela Corporation","4.88","$131.39M","n/a","Consumer Services","Consumer Specialties","https://old.nasdaq.com/symbol/ela",
"EQX","Equinox Gold Corp.","10.96","$2.61B","n/a","Basic Industries","Precious Metals","https://old.nasdaq.com/symbol/eqx",
"ESP","Espey Mfg. & Electronics Corp.","17.1","$41.09M","n/a","Capital Goods","Industrial Machinery/Components","https://old.nasdaq.com/symbol/esp",
"EVBN","Evans Bancorp, Inc.","22.75","$122.08M","n/a","Finance","Major Banks","https://old.nasdaq.com/symbol/evbn",
"EVI","EVI Industries, Inc.","23.09","$275.11M","n/a","Consumer Services","Other Consumer Services","https://old.nasdaq.com/symbol/evi",
"EPM","Evolution Petroleum Corporation, Inc.","2.7","$88.98M","n/a","Energy","Oil & Gas Production","https://old.nasdaq.com/symbol/epm",
"FEN","First Trust Energy Income and Growth Fund","11.16","$223.43M","2004","n/a","n/a","https://old.nasdaq.com/symbol/fen",
"BDL","Flanigan&#39;s Enterprises, Inc.","15.477","$28.77M","n/a","Consumer Services","Restaurants","https://old.nasdaq.com/symbol/bdl",
"FSI","Flexible Solutions International Inc.","2.01","$24.6M","n/a","Basic Industries","Major Chemicals","https://old.nasdaq.com/symbol/fsi",
"FTF","Franklin Limited Duration Income Trust","8.57","$258.29M","2003","n/a","n/a","https://old.nasdaq.com/symbol/ftf",
"FSP","Franklin Street Properties Corp.","4.74","$508.46M","n/a","Consumer Services","Real Estate Investment Trusts","https://old.nasdaq.com/symbol/fsp",
"FRD","Friedman Industries Inc.","4.87","$34.09M","n/a","Capital Goods","Steel/Iron Ore","https://old.nasdaq.com/symbol/frd",
"FTSI","FTS International, Inc.","7.33","$39.43M","2018","Energy","Oilfield Services/Equipment","https://old.nasdaq.com/symbol/ftsi",
"GAU","Galiano Gold Inc.","1.22","$271.65M","n/a","Basic Industries","Mining & Quarrying of Nonmetallic Minerals (No Fuels)","https://old.nasdaq.com/symbol/gau",
"GGN","GAMCO Global Gold, Natural Reources & Income Trust ","3.36","$555.46M","2005","n/a","n/a","https://old.nasdaq.com/symbol/ggn",
"GGN^B","GAMCO Global Gold, Natural Reources & Income Trust ","25.16","n/a","n/a","n/a","n/a","https://old.nasdaq.com/symbol/ggn^b",
"JOB","GEE Group Inc.","0.6416","$10.16M","n/a","Technology","Diversified Commercial Services","https://old.nasdaq.com/symbol/job",
"GMO","General Moly, Inc","0.2323","$35.47M","n/a","Basic Industries","Precious Metals","https://old.nasdaq.com/symbol/gmo",
"GSB","GlobalSCAPE, Inc.","10.81","$202.26M","n/a","Technology","Computer Software: Prepackaged Software","https://old.nasdaq.com/symbol/gsb",
"GSAT","Globalstar, Inc.","0.3135","$523.12M","2006","Consumer Services","Telecommunications Equipment","https://old.nasdaq.com/symbol/gsat",
"GORO","Gold Resource Corporation","3.65","$255.59M","n/a","Basic Industries","Precious Metals","https://old.nasdaq.com/symbol/goro",
"GSV","Gold Standard Ventures Corporation","0.7178","$204.13M","n/a","Basic Industries","Mining & Quarrying of Nonmetallic Minerals (No Fuels)","https://old.nasdaq.com/symbol/gsv",
"AUMN","Golden Minerals Company","0.3797","$48.67M","n/a","Basic Industries","Precious Metals","https://old.nasdaq.com/symbol/aumn",
"GSS","Golden Star Resources, Ltd","2.68","$294.5M","n/a","Basic Industries","Precious Metals","https://old.nasdaq.com/symbol/gss",
"GV","Goldfield Corporation (The)","3.64","$89.26M","n/a","Basic Industries","Water Supply","https://old.nasdaq.com/symbol/gv",
"GDP","Goodrich Petroleum Corporation","7.1","$88.99M","2017","Energy","Oil & Gas Production","https://old.nasdaq.com/symbol/gdp",
"GTE","Gran Tierra Energy Inc.","0.369","$135.42M","n/a","Energy","Oil & Gas Production","https://old.nasdaq.com/symbol/gte",
"GPL","Great Panther Mining Limited","0.4464","$157.42M","n/a","Basic Industries","Precious Metals","https://old.nasdaq.com/symbol/gpl",
"SIM","Grupo Simec, S.A. de C.V.","6.2952","$972.58M","1993","Basic Industries","Steel/Iron Ore","https://old.nasdaq.com/symbol/sim",
"AIM","Hemispherx BioPharma, Inc.","2.5","$81.56M","n/a","Health Care","Biotechnology: Biological Products (No Diagnostic Substances)","https://old.nasdaq.com/symbol/aim",
"HLM^","Hillman Group Capital Trust","25.85","n/a","n/a","n/a","n/a","https://old.nasdaq.com/symbol/hlm^",
"HMG","HMG/Courtland Properties, Inc.","11","$11.15M","n/a","Consumer Services","Real Estate Investment Trusts","https://old.nasdaq.com/symbol/hmg",
"HUSA","Houston American Energy Corporation","0.1481","$12.89M","n/a","Energy","Oil & Gas Production","https://old.nasdaq.com/symbol/husa",
"HWM^","Howmet Aerospace Inc.","66.5","n/a","n/a","n/a","n/a","https://old.nasdaq.com/symbol/hwm^",
"IBIO","iBio, Inc.","1.61","$192.87M","n/a","Health Care","Major Pharmaceuticals","https://old.nasdaq.com/symbol/ibio",
"IBO","IBO (Listing Market - NYSE Amex Network B F)","24.84","n/a","n/a","n/a","n/a","https://old.nasdaq.com/symbol/ibo",
"IMH","Impac Mortgage Holdings, Inc.","1.9","$40.4M","1997","Consumer Services","Real Estate Investment Trusts","https://old.nasdaq.com/symbol/imh",
"IMO","Imperial Oil Limited","15.74","$11.55B","n/a","Energy","Integrated oil Companies","https://old.nasdaq.com/symbol/imo",
"IOR","Income Opportunity Realty Investors, Inc.","11.04","$46.02M","n/a","Consumer Services","Real Estate Investment Trusts","https://old.nasdaq.com/symbol/ior",
"IGC","India Globalization Capital Inc.","0.5498","$21.44M","n/a","Technology","Electronic Components","https://old.nasdaq.com/symbol/igc",
"INDO","Indonesia Energy Corporation Limited","5.68","$42.08M","2019","Energy","Oil & Gas Production","https://old.nasdaq.com/symbol/indo",
"INFU","InfuSystems Holdings, Inc.","12.55","$251.87M","n/a","Health Care","Medical/Dental Instruments","https://old.nasdaq.com/symbol/infu",
"IHT","InnSuites Hospitality Trust","1.055","$9.82M","n/a","Consumer Services","Real Estate Investment Trusts","https://old.nasdaq.com/symbol/iht",
"NSPR","InspireMD Inc.","0.5193","$7.95M","n/a","Health Care","Medical/Dental Instruments","https://old.nasdaq.com/symbol/nspr",
"NSPR.WS","InspireMD Inc.","n/a","n/a","n/a","n/a","n/a","https://old.nasdaq.com/symbol/nspr.ws",
"NSPR.WS.B","InspireMD Inc.","n/a","n/a","n/a","n/a","n/a","https://old.nasdaq.com/symbol/nspr.ws.b",
"INS","Intelligent Systems Corporation","36.09","$322.1M","1992","Technology","Computer Software: Prepackaged Software","https://old.nasdaq.com/symbol/ins",
"THM","International Tower Hill Mines Ltd","1.47","$275.73M","n/a","Basic Industries","Precious Metals","https://old.nasdaq.com/symbol/thm",
"INTT","inTest Corporation","3.3","$34.43M","1997","Capital Goods","Electrical Products","https://old.nasdaq.com/symbol/intt",
"INUV","Inuvo, Inc","0.539","$40.64M","n/a","Consumer Services","Advertising","https://old.nasdaq.com/symbol/inuv",
"VKI","Invesco Advantage Municipal Income Trust II","10.51","$466.56M","n/a","n/a","n/a","https://old.nasdaq.com/symbol/vki",
"ISR","IsoRay, Inc.","0.5997","$40.57M","n/a","Health Care","Medical/Dental Instruments","https://old.nasdaq.com/symbol/isr",
"ISDR","Issuer Direct Corporation","10.62","$40.07M","n/a","Miscellaneous","Publishing","https://old.nasdaq.com/symbol/isdr",
"ITP","IT Tech Packaging, Inc.","0.539","$15.37M","n/a","Consumer Durables","Containers/Packaging","https://old.nasdaq.com/symbol/itp",
"KLR","Kaleyra, Inc.","3.99","$88.46M","2018","Technology","EDP Services","https://old.nasdaq.com/symbol/klr",
"KLR.WS","Kaleyra, Inc.","n/a","n/a","n/a","n/a","n/a","https://old.nasdaq.com/symbol/klr.ws",
"KIQ","Kelso Technologies Inc","0.652","$30.75M","n/a","Capital Goods","Railroads","https://old.nasdaq.com/symbol/kiq",
"LGL","LGL Group, Inc. (The)","7.98","$41.59M","n/a","Capital Goods","Industrial Machinery/Components","https://old.nasdaq.com/symbol/lgl",
"LLEX","Lilis Energy, Inc.","0.281","$26.8M","n/a","Energy","Oil & Gas Production","https://old.nasdaq.com/symbol/llex",
"LCTX","Lineage Cell Therapeutics, Inc.","0.9","$134.84M","n/a","Health Care","Biotechnology: Biological Products (No Diagnostic Substances)","https://old.nasdaq.com/symbol/lctx",
"MAG","MAG Silver Corporation","13.16","$1.2B","n/a","Basic Industries","Precious Metals","https://old.nasdaq.com/symbol/mag",
"MHH","Mastech Digital, Inc","24.92","$279.28M","n/a","Consumer Services","Professional Services","https://old.nasdaq.com/symbol/mhh",
"MTNB","Matinas Biopharma Holdings, Inc.","0.8248","$162.89M","2017","Health Care","Major Pharmaceuticals","https://old.nasdaq.com/symbol/mtnb",
"MMX","Maverix Metals Inc.","4.19","$536.36M","n/a","Basic Industries","Precious Metals","https://old.nasdaq.com/symbol/mmx",
"IPB","Merrill Lynch & Co., Inc. 6.0518% Index Plus Trust Certificate","28.15","n/a","n/a","Finance","Finance: Consumer Services","https://old.nasdaq.com/symbol/ipb",
"MTA","Metalla Royalty & Streaming Ltd.","5.42","$190.4M","n/a","Basic Industries","Precious Metals","https://old.nasdaq.com/symbol/mta",
"MXC","Mexco Energy Corporation","3.0565","$6.24M","n/a","Energy","Oil & Gas Production","https://old.nasdaq.com/symbol/mxc",
"MLSS","Milestone Scientific, Inc.","2.45","$135.79M","2015","Health Care","Industrial Specialties","https://old.nasdaq.com/symbol/mlss",
"MYO","Myomo Inc.","3.85","$10.84M","2017","Health Care","Industrial Specialties","https://old.nasdaq.com/symbol/myo",
"NNVC","NanoViricides, Inc.","8.54","$77.48M","n/a","Health Care","Biotechnology: Commercial Physical & Biological Resarch","https://old.nasdaq.com/symbol/nnvc",
"ATEST","NASDAQ TEST STOCK","27.52","n/a","n/a","n/a","n/a","https://old.nasdaq.com/symbol/atest",
"ATEST.A","NASDAQ TEST STOCK","n/a","n/a","n/a","n/a","n/a","https://old.nasdaq.com/symbol/atest.a",
"ATEST.B","NASDAQ TEST STOCK","n/a","n/a","n/a","n/a","n/a","https://old.nasdaq.com/symbol/atest.b",
"ATEST.C","NASDAQ TEST STOCK","n/a","n/a","n/a","n/a","n/a","https://old.nasdaq.com/symbol/atest.c",
"NHC","National HealthCare Corporation","60.36","$926.99M","n/a","Health Care","Hospital/Nursing Management","https://old.nasdaq.com/symbol/nhc",
"NAVB","Navidea Biopharmaceuticals, Inc.","3.99","$86.37M","n/a","Health Care","Biotechnology: In Vitro & In Vivo Diagnostic Substances","https://old.nasdaq.com/symbol/navb",
"NTIP","Network-1 Technologies, Inc.","2.22","$53.15M","n/a","Miscellaneous","Multi-Sector Companies","https://old.nasdaq.com/symbol/ntip",
"NBW","Neuberger Berman California Municipal Fund Inc","12.95","$71.89M","2002","n/a","n/a","https://old.nasdaq.com/symbol/nbw",
"NHS","Neuberger Berman High Yield Strategies Fund","10.59","$206.93M","n/a","n/a","n/a","https://old.nasdaq.com/symbol/nhs",
"NML","Neuberger Berman MLP and Energy Income Fund Inc.","3.02","$171.11M","2013","n/a","n/a","https://old.nasdaq.com/symbol/nml",
"NBH","Neuberger Berman Municipal Fund Inc.","14.07","$264.6M","2002","n/a","n/a","https://old.nasdaq.com/symbol/nbh",
"NBO","Neuberger Berman New York Municipal Fund Inc.","11.685","$59.33M","2002","n/a","n/a","https://old.nasdaq.com/symbol/nbo",
"NRO","Neuberger Berman Real Estate Securities Income Fund, Inc.","3.59","$170.24M","2003","n/a","n/a","https://old.nasdaq.com/symbol/nro",
"GBR","New Concept Energy, Inc","1.27","$6.52M","n/a","Energy","Oil & Gas Production","https://old.nasdaq.com/symbol/gbr",
"NEN","New England Realty Associates Limited Partnership","53","$193.59M","n/a","Consumer Services","Building operators","https://old.nasdaq.com/symbol/nen",
"NGD","New Gold Inc.","1.31","$885.56M","n/a","Basic Industries","Precious Metals","https://old.nasdaq.com/symbol/ngd",
"NXE","Nexgen Energy Ltd.","1.25","$465.27M","n/a","Basic Industries","Precious Metals","https://old.nasdaq.com/symbol/nxe",
"NAK","Northern Dynasty Minerals, Ltd.","1.45","$670.5M","n/a","Basic Industries","Precious Metals","https://old.nasdaq.com/symbol/nak",
"NOG","Northern Oil and Gas, Inc.","0.8693","$352.76M","n/a","Energy","Oil & Gas Production","https://old.nasdaq.com/symbol/nog",
"NBY","NovaBay Pharmaceuticals, Inc.","1.06","$35.38M","2007","Health Care","Major Pharmaceuticals","https://old.nasdaq.com/symbol/nby",
"NG","Novagold Resources Inc.","8.59","$2.82B","n/a","Basic Industries","Precious Metals","https://old.nasdaq.com/symbol/ng",
"NTN","NTN Buzztime, Inc.","2.07","$6.08M","n/a","Consumer Services","Broadcasting","https://old.nasdaq.com/symbol/ntn",
"NES","Nuverra Environmental Solutions, Inc.","2.44","$38.46M","2017","Energy","Oilfield Services/Equipment","https://old.nasdaq.com/symbol/nes",
"OBLG","Oblong Inc.","1.42","$7.4M","n/a","Public Utilities","Telecommunications Equipment","https://old.nasdaq.com/symbol/oblg",
"OCX","OncoCyte Corporation","3.45","$231.9M","2015","Health Care","Biotechnology: In Vitro & In Vivo Diagnostic Substances","https://old.nasdaq.com/symbol/ocx",
"OGEN","Oragenics Inc.","0.5135","$28.43M","n/a","Health Care","Major Pharmaceuticals","https://old.nasdaq.com/symbol/ogen",
"PCG^A","Pacific Gas & Electric Co.","29.75","n/a","n/a","n/a","n/a","https://old.nasdaq.com/symbol/pcg^a",
"PCG^B","Pacific Gas & Electric Co.","28","n/a","n/a","n/a","n/a","https://old.nasdaq.com/symbol/pcg^b",
"PCG^C","Pacific Gas & Electric Co.","26","n/a","n/a","n/a","n/a","https://old.nasdaq.com/symbol/pcg^c",
"PCG^D","Pacific Gas & Electric Co.","25.5609","n/a","n/a","n/a","n/a","https://old.nasdaq.com/symbol/pcg^d",
"PCG^E","Pacific Gas & Electric Co.","25.28","n/a","n/a","n/a","n/a","https://old.nasdaq.com/symbol/pcg^e",
"PCG^G","Pacific Gas & Electric Co.","24.95","n/a","n/a","n/a","n/a","https://old.nasdaq.com/symbol/pcg^g",
"PCG^H","Pacific Gas & Electric Co.","24.25","n/a","n/a","n/a","n/a","https://old.nasdaq.com/symbol/pcg^h",
"PCG^I","Pacific Gas & Electric Co.","24.5","n/a","n/a","n/a","n/a","https://old.nasdaq.com/symbol/pcg^i",
"PTN","Palatin Technologies, Inc.","0.5228","$119.86M","n/a","Health Care","Major Pharmaceuticals","https://old.nasdaq.com/symbol/ptn",
"PZG","Paramount Gold Nevada Corp.","1.09","$30.68M","2015","Basic Industries","Precious Metals","https://old.nasdaq.com/symbol/pzg",
"PRK","Park National Corporation","69.04","$1.13B","n/a","Finance","Major Banks","https://old.nasdaq.com/symbol/prk",
"PED","Pedevco Corp.","0.8","$56.9M","n/a","Energy","Oil & Gas Production","https://old.nasdaq.com/symbol/ped",
"PFNX","Pfenex Inc.","8.57","$293.88M","2014","Health Care","Major Pharmaceuticals","https://old.nasdaq.com/symbol/pfnx",
"HNW","Pioneer Diversified High Income Trust","11.9704","$99.75M","2007","n/a","n/a","https://old.nasdaq.com/symbol/hnw",
"PLAG","Planet Green Holdings Corp","2.81","$30.99M","n/a","Consumer Non-Durables","Packaged Foods","https://old.nasdaq.com/symbol/plag",
"PLG","Platinum Group Metals Ltd.","1.39","$88.36M","n/a","Basic Industries","Precious Metals","https://old.nasdaq.com/symbol/plg",
"PLYM^A","Plymouth Industrial REIT, Inc.","25.92","n/a","n/a","n/a","n/a","https://old.nasdaq.com/symbol/plym^a",
"PLM","Polymet Mining Corp.","0.4035","$406.06M","n/a","Basic Industries","Precious Metals","https://old.nasdaq.com/symbol/plm",
"PW","Power REIT","31.11","$59.51M","n/a","Consumer Services","Real Estate Investment Trusts","https://old.nasdaq.com/symbol/pw",
"PW^A","Power REIT","26.3999","n/a","n/a","n/a","n/a","https://old.nasdaq.com/symbol/pw^a",
"PLX","Protalix BioTherapeutics, Inc.","3.9","$126.53M","n/a","Health Care","Biotechnology: Biological Products (No Diagnostic Substances)","https://old.nasdaq.com/symbol/plx",
"RLGT","Radiant Logistics, Inc.","3.79","$187.21M","n/a","Transportation","Oil Refining/Marketing","https://old.nasdaq.com/symbol/rlgt",
"UTG","Reaves Utility Income Fund","30.44","$1.49B","2004","n/a","n/a","https://old.nasdaq.com/symbol/utg",
"RHE","Regional Health Properties, Inc.","1.44","$2.43M","2017","Health Care","Hospital/Nursing Management","https://old.nasdaq.com/symbol/rhe",
"RHE^A","Regional Health Properties, Inc.","2.04","n/a","n/a","n/a","n/a","https://old.nasdaq.com/symbol/rhe^a",
"RCG","RENN Fund, Inc.","1.295","$7.71M","n/a","n/a","n/a","https://old.nasdaq.com/symbol/rcg",
"RVP","Retractable Technologies, Inc.","7.14","$233.35M","n/a","Health Care","Medical/Dental Instruments","https://old.nasdaq.com/symbol/rvp",
"REI","Ring Energy, Inc.","1.23","$83.61M","n/a","Energy","Oil & Gas Production","https://old.nasdaq.com/symbol/rei",
"RIF","RMR Real Estate Income Fund","11.66","$118.96M","n/a","n/a","n/a","https://old.nasdaq.com/symbol/rif",
"SACC","Sachem Capital Corp.","22.4","n/a","2019","Consumer Services","Real Estate Investment Trusts","https://old.nasdaq.com/symbol/sacc",
"SACH","Sachem Capital Corp.","2.97","$65.69M","2017","Consumer Services","Real Estate Investment Trusts","https://old.nasdaq.com/symbol/sach",
"SCCB","Sachem Capital Corp.","22.76","n/a","2019","Consumer Services","Real Estate Investment Trusts","https://old.nasdaq.com/symbol/sccb",
"SNMP","Sanchez Midstream Partners LP","0.4086","$8.15M","n/a","Energy","Oil & Gas Production","https://old.nasdaq.com/symbol/snmp",
"SEB","Seaboard Corporation","2973.55","$3.45B","1996","Finance","Investment Bankers/Brokers/Service","https://old.nasdaq.com/symbol/seb",
"SENS","Senseonics Holdings, Inc.","0.4117","$93.72M","n/a","Capital Goods","Industrial Machinery/Components","https://old.nasdaq.com/symbol/sens",
"SVT","Servotronics, Inc.","7.52","$18.63M","n/a","Capital Goods","Industrial Machinery/Components","https://old.nasdaq.com/symbol/svt",
"SMTS","Sierra Metals Inc.","1.38","$224.68M","n/a","Basic Industries","Precious Metals","https://old.nasdaq.com/symbol/smts",
"SIF","SIFCO Industries, Inc.","3.91","$23.13M","n/a","Capital Goods","Aerospace","https://old.nasdaq.com/symbol/sif",
"SVM","Silvercorp Metals Inc.","4.99","$867.69M","n/a","Basic Industries","Precious Metals","https://old.nasdaq.com/symbol/svm",
"SILV","SilverCrest Metals Inc.","8.54","$926.86M","2018","Basic Industries","Precious Metals","https://old.nasdaq.com/symbol/silv",
"XPL","Solitario Zinc Corp.","0.3061","$17.79M","n/a","Basic Industries","Precious Metals","https://old.nasdaq.com/symbol/xpl",
"SCE^B","Southern California Edison Company","22.02","n/a","n/a","n/a","n/a","https://old.nasdaq.com/symbol/sce^b",
"SCE^C","Southern California Edison Company","23.0002","n/a","n/a","n/a","n/a","https://old.nasdaq.com/symbol/sce^c",
"SCE^D","Southern California Edison Company","23.7","n/a","n/a","n/a","n/a","https://old.nasdaq.com/symbol/sce^d",
"SCE^E","Southern California Edison Company","24.121","n/a","n/a","n/a","n/a","https://old.nasdaq.com/symbol/sce^e",
"LOV","Spark Networks, Inc.","3.31","$86.25M","2017","Consumer Services","Other Consumer Services","https://old.nasdaq.com/symbol/lov",
"SDI","Standard Diversified Inc.","12.63","$209.45M","n/a","Consumer Non-Durables","Tobacco","https://old.nasdaq.com/symbol/sdi",
"STXS","Stereotaxis, Inc.","5.12","$372.23M","n/a","Health Care","Biotechnology: Electromedical & Electrotherapeutic Apparatus","https://old.nasdaq.com/symbol/stxs",
"SSY","SunLink Health Systems, Inc.","0.8085","$5.58M","n/a","Health Care","Hospital/Nursing Management","https://old.nasdaq.com/symbol/ssy",
"SDPI","Superior Drilling Products, Inc.","0.7677","$19.53M","2014","Energy","Metal Fabrications","https://old.nasdaq.com/symbol/sdpi",
"SYN","Synthetic Biologics, Inc","0.5242","$9.57M","n/a","Health Care","Major Pharmaceuticals","https://old.nasdaq.com/symbol/syn",
"TKAT","Takung Art Co., Ltd.","1.2801","$14.41M","n/a","Consumer Services","Other Specialty Stores","https://old.nasdaq.com/symbol/tkat",
"TALO.WS","Talos Energy, Inc.","n/a","n/a","n/a","n/a","n/a","https://old.nasdaq.com/symbol/talo.ws",
"TRX","Tanzanian Gold Corporation","0.81","$129.92M","n/a","Basic Industries","Precious Metals","https://old.nasdaq.com/symbol/trx",
"TGB","Taseko Mines Limited","0.47","$115.71M","n/a","Basic Industries","Precious Metals","https://old.nasdaq.com/symbol/tgb",
"TGC","Tengasco, Inc.","0.606","$6.47M","n/a","Energy","Oil & Gas Production","https://old.nasdaq.com/symbol/tgc",
"GLU","The Gabelli Global Utility and Income Trust","16.195","$86.96M","2004","n/a","n/a","https://old.nasdaq.com/symbol/glu",
"GLU^A","The Gabelli Global Utility and Income Trust","46.05","n/a","n/a","n/a","n/a","https://old.nasdaq.com/symbol/glu^a",
"GLU^B","The Gabelli Global Utility and Income Trust","51.7","n/a","n/a","n/a","n/a","https://old.nasdaq.com/symbol/glu^b",
"GGO","The Gabelli Go Anywhere Trust","9.68","$15M","2016","n/a","n/a","https://old.nasdaq.com/symbol/ggo",
"GGO^A","The Gabelli Go Anywhere Trust","40.75","n/a","n/a","n/a","n/a","https://old.nasdaq.com/symbol/ggo^a",
"TDW.WS","Tidewater Inc.","n/a","n/a","n/a","n/a","n/a","https://old.nasdaq.com/symbol/tdw.ws",
"TMBR","Timber Pharmaceuticals, Inc.","2.26","$26.78M","2015","Health Care","Major Pharmaceuticals","https://old.nasdaq.com/symbol/tmbr",
"TMP","Tompkins Financial Corporation","61.83","$921.72M","n/a","Finance","Major Banks","https://old.nasdaq.com/symbol/tmp",
"TAT","Transatlantic Petroleum Ltd","0.3071","$19.26M","n/a","Energy","Oil & Gas Production","https://old.nasdaq.com/symbol/tat",
"TRXC","TransEnterix, Inc.","0.5422","$28.11M","n/a","Health Care","Medical/Dental Instruments","https://old.nasdaq.com/symbol/trxc",
"TMQ","Trilogy Metals Inc.","1.87","$263.04M","n/a","Basic Industries","Precious Metals","https://old.nasdaq.com/symbol/tmq",
"TPHS","Trinity Place Holdings Inc.","1.48","$47.65M","n/a","Consumer Services","Building operators","https://old.nasdaq.com/symbol/tphs",
"TRT","Trio-Tech International","3.3","$12.12M","n/a","Technology","Industrial Machinery/Components","https://old.nasdaq.com/symbol/trt",
"UFAB","Unique Fabricating, Inc.","3.33","$32.56M","2015","Capital Goods","Auto Parts:O.E.M.","https://old.nasdaq.com/symbol/ufab",
"UAMY","United States Antimony Corporation","0.5","$34.96M","n/a","Capital Goods","Metal Fabrications","https://old.nasdaq.com/symbol/uamy",
"UUU","Universal Security Instruments, Inc.","0.78","$1.8M","n/a","Technology","Electronic Components","https://old.nasdaq.com/symbol/uuu",
"URG","Ur Energy Inc","0.4918","$78.92M","n/a","Basic Industries","Precious Metals","https://old.nasdaq.com/symbol/urg",
"UEC","Uranium Energy Corp.","0.916","$168.72M","n/a","Basic Industries","Precious Metals","https://old.nasdaq.com/symbol/uec",
"VHC","VirnetX Holding Corp","6.49","$459.74M","n/a","Miscellaneous","Multi-Sector Companies","https://old.nasdaq.com/symbol/vhc",
"VGZ","Vista Gold Corporation","0.9279","$94.34M","n/a","Basic Industries","Precious Metals","https://old.nasdaq.com/symbol/vgz",
"VNRX","VolitionRX Limited","4.11","$189.99M","2015","Health Care","Biotechnology: In Vitro & In Vivo Diagnostic Substances","https://old.nasdaq.com/symbol/vnrx",
"VOLT","Volt Information Sciences, Inc.","1.41","$30.19M","n/a","Technology","Professional Services","https://old.nasdaq.com/symbol/volt",
"EAD","Wells Fargo Income Opportunities Fund","7.1","$433.06M","2003","n/a","n/a","https://old.nasdaq.com/symbol/ead",
"ERC","Wells Fargo Multi-Sector Income Fund","11","$336.31M","2003","n/a","n/a","https://old.nasdaq.com/symbol/erc",
"ERH","Wells Fargo Utilities and High Income Fund","12.7","$117.73M","2004","n/a","n/a","https://old.nasdaq.com/symbol/erh",
"WRN","Western Copper and Gold Corporation","0.7986","$91.57M","2011","Basic Industries","Precious Metals","https://old.nasdaq.com/symbol/wrn",
"WYY","WidePoint Corporation","0.6869","$59.01M","n/a","Technology","EDP Services","https://old.nasdaq.com/symbol/wyy",
"WTT","Wireless Telecom Group,  Inc.","1.11","$24.03M","n/a","Capital Goods","Electrical Products","https://old.nasdaq.com/symbol/wtt",
"XTNT","Xtant Medical Holdings, Inc.","0.9899","$13.09M","n/a","Health Care","Biotechnology: Biological Products (No Diagnostic Substances)","https://old.nasdaq.com/symbol/xtnt",
"ZDGE","Zedge, Inc.","1.45","$17.69M","2016","Technology","Computer Software: Prepackaged Software","https://old.nasdaq.com/symbol/zdge",
"ZOM","Zomedica Pharmaceuticals Corp.","0.232","$67.75M","2017","Health Care","Major Pharmaceuticals","https://old.nasdaq.com/symbol/zom",
